{
  "speed": {
    "ddpm": {
      "steps_20": {
        "total_time": 1.634570598602295,
        "time_per_sample": 0.01634570598602295,
        "samples_per_second": 61.17814677781982
      },
      "steps_50": {
        "total_time": 3.650897264480591,
        "time_per_sample": 0.03650897264480591,
        "samples_per_second": 27.390526973436184
      },
      "steps_100": {
        "total_time": 7.365591049194336,
        "time_per_sample": 0.07365591049194337,
        "samples_per_second": 13.576642978425772
      }
    }
  },
  "memory": {
    "ddpm_gb": 0.1152486801147461
  },
  "fid_overall": {
    "steps_50": {
      "ddpm": 402.97577353805707
    }
  },
  "fid_per_class": {
    "steps_50": {
      "ddpm": {
        "airplane": 413.3565481504241,
        "automobile": 429.64331830447657,
        "bird": 404.79583357224146,
        "cat": 431.8700332475804,
        "deer": 401.7323223997739,
        "dog": 429.6794609013075,
        "frog": 392.7128912711581,
        "horse": 457.2147968637908,
        "ship": 424.0639980978812,
        "truck": 419.2596876452104,
        "average": 420.4328890453845
      }
    }
  },
  "kid_overall": {
    "steps_50": {
      "ddpm": {
        "mean": 0.4632057547569275,
        "std": 0.0035406446550041437
      }
    }
  },
  "kid_per_class": {
    "steps_50": {
      "ddpm": {
        "airplane": {
          "mean": 0.49602535367012024,
          "std": 0.00348574947565794
        },
        "automobile": {
          "mean": 0.5758985280990601,
          "std": 0.004108061548322439
        },
        "bird": {
          "mean": 0.4560711979866028,
          "std": 0.0035501050297170877
        },
        "cat": {
          "mean": 0.4980045557022095,
          "std": 0.004435035865753889
        },
        "deer": {
          "mean": 0.4841400980949402,
          "std": 0.004153658170253038
        },
        "dog": {
          "mean": 0.4975689947605133,
          "std": 0.004787738900631666
        },
        "frog": {
          "mean": 0.459395170211792,
          "std": 0.00402360875159502
        },
        "horse": {
          "mean": 0.5900920033454895,
          "std": 0.005747098941355944
        },
        "ship": {
          "mean": 0.5282236337661743,
          "std": 0.004818667657673359
        },
        "truck": {
          "mean": 0.560701847076416,
          "std": 0.004035834223031998
        },
        "average": {
          "mean": 0.5146121382713318,
          "std": 0.004314555856399238
        }
      }
    }
  }
}