{
  "speed": {
    "cfm": {
      "steps_20": {
        "total_time": 1.493957281112671,
        "time_per_sample": 0.014939572811126709,
        "samples_per_second": 66.9363182363032
      },
      "steps_50": {
        "total_time": 3.570388078689575,
        "time_per_sample": 0.03570388078689575,
        "samples_per_second": 28.008159840345026
      },
      "steps_100": {
        "total_time": 7.169281005859375,
        "time_per_sample": 0.07169281005859375,
        "samples_per_second": 13.948400114079933
      }
    }
  },
  "memory": {
    "cfm_gb": 0.11487483978271484
  },
  "fid_overall": {
    "steps_50": {
      "cfm": 24.146221848087066
    }
  },
  "fid_per_class": {
    "steps_50": {
      "cfm": {
        "airplane": 65.1313406427476,
        "automobile": 54.3706390005151,
        "bird": 79.6586622385467,
        "cat": 75.6339110328629,
        "deer": 62.06490185697601,
        "dog": 77.77012288365938,
        "frog": 71.40789620105386,
        "horse": 57.58042929989733,
        "ship": 50.375471424569355,
        "truck": 51.17601821012863,
        "average": 64.51693927909568
      }
    }
  },
  "kid_overall": {
    "steps_50": {
      "cfm": {
        "mean": 0.012385415844619274,
        "std": 0.0008327109389938414
      }
    }
  },
  "kid_per_class": {
    "steps_50": {
      "cfm": {
        "airplane": {
          "mean": 0.028255676850676537,
          "std": 0.0014266381040215492
        },
        "automobile": {
          "mean": 0.028344886377453804,
          "std": 0.0014128749025985599
        },
        "bird": {
          "mean": 0.029590856283903122,
          "std": 0.0014522018609568477
        },
        "cat": {
          "mean": 0.034451924264431,
          "std": 0.0012866465840488672
        },
        "deer": {
          "mean": 0.03071417100727558,
          "std": 0.0018741379026323557
        },
        "dog": {
          "mean": 0.034127939492464066,
          "std": 0.0014659942826256156
        },
        "frog": {
          "mean": 0.04147679731249809,
          "std": 0.0023620794527232647
        },
        "horse": {
          "mean": 0.026799168437719345,
          "std": 0.0017779824556782842
        },
        "ship": {
          "mean": 0.019664082676172256,
          "std": 0.0011735588777810335
        },
        "truck": {
          "mean": 0.03436104208230972,
          "std": 0.0020228177309036255
        },
        "average": {
          "mean": 0.030778654478490354,
          "std": 0.0016254932153970004
        }
      }
    }
  }
}