{
  "speed": {
    "mean": {
      "steps_20": {
        "total_time": 1.623845392227173,
        "time_per_sample": 0.016238453922271729,
        "samples_per_second": 61.58241635728294
      },
      "steps_50": {
        "total_time": 3.892516374588013,
        "time_per_sample": 0.03892516374588013,
        "samples_per_second": 25.69067341829376
      },
      "steps_100": {
        "total_time": 7.814372539520264,
        "time_per_sample": 0.07814372539520264,
        "samples_per_second": 12.796818390847205
      }
    }
  },
  "memory": {
    "mean_gb": 0.12536232376098633
  },
  "fid_overall": {
    "steps_50": {
      "mean": 29.146221848087066
    }
  },
  "fid_per_class": {
    "steps_50": {
      "mean": {
        "airplane": 74.85247191823604,
        "automobile": 63.94156283059762,
        "bird": 90.23478610366583,
        "cat": 86.17539285122704,
        "deer": 71.89234708192427,
        "dog": 88.31548201927263,
        "frog": 82.15637294921278,
        "horse": 67.24291837452859,
        "ship": 59.82663976140118,
        "truck": 60.93847295841726,
        "average": 74.55764468984832
      }
    }
  },
  "kid_overall": {
    "steps_50": {
      "mean": {
        "mean": 0.013524957429080009,
        "std": 0.0009159820328932256
      }
    }
  },
  "kid_per_class": {
    "steps_50": {
      "mean": {
        "airplane": {
          "mean": 0.031081244535744191,
          "std": 0.0015693019144237041
        },
        "automobile": {
          "mean": 0.031179374815199185,
          "std": 0.0015541623928584159
        },
        "bird": {
          "mean": 0.032549941912293434,
          "std": 0.0015974220470525324
        },
        "cat": {
          "mean": 0.037897116490874195,
          "std": 0.0014153112424537539
        },
        "deer": {
          "mean": 0.033785588108003139,
          "std": 0.002061551592895591
        },
        "dog": {
          "mean": 0.037540733341710472,
          "std": 0.0016125937108881772
        },
        "frog": {
          "mean": 0.045624477043747899,
          "std": 0.0025982873979555912
        },
        "horse": {
          "mean": 0.029479085281491279,
          "std": 0.0019557906912661127
        },
        "ship": {
          "mean": 0.021630490943789482,
          "std": 0.001290914565558937
        },
        "truck": {
          "mean": 0.037797314290453593,
          "std": 0.002225099503994388
        },
        "average": {
          "mean": 0.033856536676330685,
          "std": 0.0017880325569566904
        }
      }
    }
  }
}